districtid,districtname,districtneighbors
101,agar malwa,"['rajgarh', 'shajapur', 'ratlam', 'ujjain', 'jhalawar']"
102,agra,"['etawah', 'hathras', 'bhind', 'morena', 'mathura', 'etah', 'firozabad', 'bharatpur', 'dholpur']"
103,ahmedabad,"['gandhinagar', 'surendranagar', 'kheda', 'anand', 'botad', 'bhavnagar', 'mehsana']"
104,ahmednagar,"['nashik', 'osmanabad', 'thane', 'solapur', 'pune', 'beed', 'aurangabad_mh']"
105,aizawl,"['mamit', 'champhai', 'serchhip', 'kolasib', 'lunglei', 'assam_district', 'manipur_district']"
106,ajmer,"['pali', 'rajsamand', 'jaipur', 'bhilwara', 'nagaur', 'tonk']"
107,akola,"['amravati', 'washim', 'buldhana']"
108,alappuzha,"['kollam', 'kottayam', 'ernakulam', 'pathanamthitta']"
109,aligarh,"['sambhal', 'bulandshahr', 'hathras', 'kasganj', 'mathura', 'budaun', 'palwal', 'gautam buddha nagar']"
110,alipurduar,"['jalpaiguri', 'cooch behar', 'assam_district']"
111,alirajpur,"['barwani', 'jhabua', 'dhar', 'dahod', 'chhota udaipur', 'nandurbar']"
112,almora,"['nainital', 'bageshwar', 'chamoli', 'champawat', 'pithoragarh', 'pauri garhwal']"
113,alwar,"['jaipur', 'nuh', 'mahendragarh', 'rewari', 'dausa', 'bharatpur']"
114,ambala,"['panchkula', 'sirmaur', 'patiala', 'yamunanagar', 'kurukshetra', 's.a.s. nagar']"
115,ambedkar nagar,"['azamgarh', 'gorakhpur', 'basti', 'sultanpur', 'sant kabir nagar', 'ayodhya']"
116,amethi,"['barabanki', 'sultanpur', 'rae bareli', 'ayodhya', 'pratapgarh_up']"
117,amravati,"['wardha', 'burhanpur', 'akola', 'khandwa', 'betul', 'washim', 'yavatmal', 'buldhana', 'nagpur', 'chhindwara']"
118,amreli,"['rajkot', 'botad', 'bhavnagar', 'junagadh', 'gir somnath']"
119,amritsar,"['kapurthala', 'gurdaspur', 'tarn taran']"
120,amroha,"['sambhal', 'bijnor', 'bulandshahr', 'hapur', 'moradabad', 'meerut']"
121,anand,"['ahmedabad', 'kheda', 'vadodara', 'bharuch']"
122,anantapur,"['kurnool', 'chittoor', 'chikkaballapura', 'chitradurga', 'ballari', 'tumakuru', 'y.s.r. kadapa']"
123,anantnag,"['ramban', 'kishtwar', 'doda', 'ganderbal', 'pulwama', 'kulgam', 'srinagar', 'kargil', 'shopiyan']"
124,angul,"['sambalpur', 'cuttack', 'sundargarh', 'nayagarh', 'kendujhar', 'dhenkanal', 'boudh', 'deogarh', 'subarnapur']"
125,anjaw,"['lohit', 'changlang']"
126,anuppur,"['umaria', 'mungeli', 'dindori', 'koriya', 'shahdol', 'bilaspur_ct']"
127,araria,"['purnia', 'kishanganj', 'madhepura', 'supaul']"
128,aravalli,"['dungarpur', 'udaipur', 'mahisagar', 'gandhinagar', 'kheda', 'sabarkantha']"
129,ariyalur,"['thanjavur', 'perambalur', 'cuddalore', 'tiruchirappalli']"
130,arwal,"['bhojpur', 'gaya', 'patna', 'jehanabad', 'rohtas', 'aurangabad_br']"
131,ashoknagar,"['shivpuri', 'guna', 'vidisha', 'lalitpur', 'sagar']"
132,assam_district,"['alipurduar', 'cooch behar', 'north garo hills', 'west garo hills', 'west khasi hills', 'ribhoi', 'west kameng', 'pakke kessang', 'kohima', 'dimapur', 'wokha', 'kolasib', 'east jaintia hills', 'aizawl', 'mamit', 'north tripura', 'papum pare', 'mokokchung', 'kamle', 'longleng', 'mon', 'east siang', 'lower dibang valley', 'lower siang', 'longding', 'tirap', 'namsai', 'lohit', 'changlang', 'south west garo hills', 'west jaintia hills', 'peren', 'manipur_district']"
133,auraiya,"['kannauj', 'etawah', 'jalaun', 'kanpur dehat']"
134,aurangabad_br,"['arwal', 'gaya', 'palamu', 'rohtas']"
135,aurangabad_mh,"['jalna', 'nashik', 'jalgaon', 'ahmednagar', 'beed']"
136,ayodhya,"['basti', 'amethi', 'barabanki', 'sultanpur', 'gonda', 'ambedkar nagar']"
137,azamgarh,"['mau', 'ghazipur', 'jaunpur', 'gorakhpur', 'sultanpur', 'ambedkar nagar']"
138,bagalkote,"['gadag', 'koppal', 'raichur', 'belagavi', 'vijayapura']"
139,bageshwar,"['chamoli', 'pithoragarh', 'almora']"
140,baghpat,"['panipat', 'shamli', 'muzaffarnagar', 'sonipat', 'ghaziabad', 'meerut', 'delhi']"
141,bahraich,"['sitapur', 'barabanki', 'gonda', 'shrawasti', 'lakhimpur kheri']"
142,balaghat,"['bhandara', 'seoni', 'mandla', 'rajnandgaon', 'nagpur', 'gondia', 'kabeerdham']"
143,balangir,"['nuapada', 'kalahandi', 'bargarh', 'kandhamal', 'boudh', 'subarnapur']"
144,balasore,"['jhargram', 'mayurbhanj', 'kendujhar', 'bhadrak', 'paschim medinipur', 'purba medinipur']"
145,ballari,"['kurnool', 'chitradurga', 'davanagere', 'anantapur', 'gadag', 'haveri', 'koppal', 'raichur']"
146,ballia,"['mau', 'ghazipur', 'deoria', 'buxar', 'bhojpur', 'siwan', 'saran']"
147,balod,"['dhamtari', 'durg', 'rajnandgaon', 'uttar bastar kanker']"
148,baloda bazar,"['raipur', 'mungeli', 'raigarh', 'mahasamund', 'janjgir champa', 'bametara', 'bilaspur_ct']"
149,balrampur_ct,"['gumla', 'sonbhadra', 'surajpur', 'jashpur', 'garhwa', 'singrauli', 'latehar', 'surguja']"
150,balrampur_up,"['gonda', 'shrawasti', 'siddharthnagar']"
151,bametara,"['mungeli', 'durg', 'rajnandgaon', 'raipur', 'baloda bazar', 'kabeerdham']"
152,banaskantha,"['patan', 'sirohi', 'kutch', 'jalore', 'sabarkantha', 'mehsana']"
153,banda,"['mahoba', 'chhatarpur', 'satna', 'panna', 'chitrakoot', 'fatehpur', 'hamirpur_up']"
154,bandipora,"['kupwara', 'ganderbal', 'srinagar', 'kargil', 'baramulla']"
155,banka,"['munger', 'deoghar', 'dumka', 'bhagalpur', 'jamui', 'godda']"
156,bankura,"['jhargram', 'purba bardhaman', 'paschim bardhaman', 'paschim medinipur', 'purulia', 'hooghly']"
157,banswara,"['ratlam', 'dungarpur', 'jhabua', 'dahod', 'mahisagar', 'pratapgarh_rj']"
158,barabanki,"['lucknow', 'amethi', 'bahraich', 'gonda', 'sitapur', 'rae bareli', 'ayodhya']"
159,baramulla,"['punch', 'kupwara', 'bandipora', 'srinagar', 'budgam']"
160,baran,"['shivpuri', 'guna', 'sheopur', 'kota', 'jhalawar']"
161,bareilly,"['pilibhit', 'rampur', 'shahjahanpur', 'budaun', 'udham singh nagar']"
162,bargarh,"['nuapada', 'jharsuguda', 'sambalpur', 'raigarh', 'mahasamund', 'balangir', 'subarnapur']"
163,barmer,"['pali', 'jaisalmer', 'jodhpur', 'kutch', 'jalore']"
164,barnala,"['bathinda', 'sangrur', 'mansa', 'moga', 'ludhiana']"
165,barwani,"['khargone', 'alirajpur', 'dhule', 'dhar', 'jalgaon', 'nandurbar']"
166,bastar,"['koraput', 'malkangiri', 'kondagaon', 'sukma', 'nabarangapur', 'dakshin bastar dantewada']"
167,basti,"['gonda', 'ambedkar nagar', 'siddharthnagar', 'sant kabir nagar', 'ayodhya']"
168,bathinda,"['sirsa', 'mansa', 'moga', 'barnala', 'faridkot', 'sri muktsar sahib']"
169,beed,"['jalna', 'latur', 'ahmednagar', 'osmanabad', 'parbhani', 'aurangabad_mh']"
170,begusarai,"['munger', 'khagaria', 'samastipur', 'lakhisarai', 'patna']"
171,belagavi,"['kolhapur', 'sindhudurg', 'sangli', 'uttara kannada', 'bagalkote', 'dharwad', 'gadag', 'vijayapura', 'goa_district']"
172,bengaluru rural,"['krishnagiri', 'ramanagara', 'kolar', 'chikkaballapura', 'bengaluru urban', 'tumakuru']"
173,bengaluru urban,"['krishnagiri', 'ramanagara', 'bengaluru rural']"
174,betul,"['harda', 'hoshangabad', 'khandwa', 'amravati', 'chhindwara']"
175,bhadohi,"['mirzapur', 'varanasi', 'jaunpur', 'prayagraj']"
176,bhadrak,"['kendujhar', 'kendrapara', 'balasore', 'jajpur']"
177,bhagalpur,"['godda', 'munger', 'khagaria', 'banka', 'katihar', 'madhepura', 'purnia', 'sahibganj']"
178,bhandara,"['gadchiroli', 'chandrapur', 'nagpur', 'balaghat', 'gondia']"
179,bharatpur,"['agra', 'nuh', 'dausa', 'alwar', 'mathura', 'karauli', 'dholpur']"
180,bharuch,"['surat', 'vadodara', 'anand', 'narmada']"
181,bhavnagar,"['ahmedabad', 'botad', 'amreli']"
182,bhilwara,"['rajsamand', 'chittorgarh', 'bundi', 'ajmer', 'neemuch', 'tonk']"
183,bhind,"['etawah', 'jhansi', 'agra', 'datia', 'jalaun', 'gwalior', 'morena']"
184,bhiwani,"['churu', 'mahendragarh', 'rohtak', 'hisar', 'hanumangarh', 'charkhi dadri', 'jhunjhunu']"
185,bhojpur,"['arwal', 'buxar', 'saran', 'ballia', 'patna', 'rohtas']"
186,bhopal,"['vidisha', 'rajgarh', 'guna', 'sehore', 'raisen']"
187,bidar,"['latur', 'nanded', 'osmanabad', 'kalaburagi', 'telengana_district']"
188,bijapur,"['gadchiroli', 'sukma', 'narayanpur', 'dakshin bastar dantewada', 'telengana_district']"
189,bijnor,"['haridwar', 'nainital', 'muzaffarnagar', 'moradabad', 'meerut', 'pauri garhwal', 'udham singh nagar', 'amroha']"
190,bikaner,"['jaisalmer', 'churu', 'jodhpur', 'nagaur', 'hanumangarh', 'ganganagar']"
191,bilaspur_ct,"['mungeli', 'korba', 'anuppur', 'koriya', 'baloda bazar', 'janjgir champa']"
192,bilaspur_hp,"['rupnagar', 'una', 'solan', 'mandi', 'hamirpur_hp']"
193,birbhum,"['dumka', 'jamtara', 'murshidabad', 'purba bardhaman', 'paschim bardhaman', 'pakur']"
194,bokaro,"['giridih', 'dhanbad', 'ramgarh', 'hazaribagh', 'purulia']"
195,botad,"['rajkot', 'surendranagar', 'ahmedabad', 'bhavnagar', 'amreli']"
196,boudh,"['kandhamal', 'nayagarh', 'balangir', 'angul', 'subarnapur']"
197,budaun,"['kasganj', 'sambhal', 'moradabad', 'bareilly', 'rampur', 'aligarh', 'shahjahanpur', 'farrukhabad']"
198,budgam,"['punch', 'pulwama', 'kulgam', 'srinagar', 'baramulla', 'shopiyan']"
199,bulandshahr,"['sambhal', 'hapur', 'aligarh', 'gautam buddha nagar', 'amroha']"
200,buldhana,"['burhanpur', 'jalna', 'akola', 'washim', 'jalgaon', 'amravati', 'parbhani']"
201,bundi,"['chittorgarh', 'bhilwara', 'kota', 'tonk', 'sawai madhopur']"
202,burhanpur,"['khargone', 'khandwa', 'jalgaon', 'buldhana', 'amravati']"
203,buxar,"['ghazipur', 'bhojpur', 'ballia', 'rohtas', 'kaimur']"
204,chamarajanagara,"['krishnagiri', 'wayanad', 'erode', 'salem', 'dharmapuri', 'mysuru', 'mandya', 'ramanagara', 'nilgiris']"
205,chamba,"['kangra', 'kishtwar', 'pathankot', 'doda', 'kathua', 'lahaul and spiti']"
206,chamoli,"['uttarkashi', 'bageshwar', 'almora', 'pithoragarh', 'rudraprayag', 'pauri garhwal']"
207,champawat,"['nainital', 'pithoragarh', 'almora', 'udham singh nagar']"
208,champhai,"['serchhip', 'aizawl', 'manipur_district']"
209,chandauli,"['varanasi', 'ghazipur', 'sonbhadra', 'mirzapur', 'kaimur']"
210,chandigarh,"['panchkula', 's.a.s. nagar']"
211,chandrapur,"['wardha', 'bhandara', 'gadchiroli', 'yavatmal', 'nagpur', 'telengana_district']"
212,changlang,"['tirap', 'anjaw', 'namsai', 'lohit', 'assam_district']"
213,charkhi dadri,"['mahendragarh', 'rohtak', 'jhajjar', 'bhiwani']"
214,chatra,"['palamu', 'gaya', 'latehar', 'ranchi', 'hazaribagh']"
215,chennai,"['thiruvallur', 'kancheepuram']"
216,chhatarpur,"['mahoba', 'damoh', 'jhansi', 'lalitpur', 'tikamgarh', 'sagar', 'banda', 'panna']"
217,chhindwara,"['hoshangabad', 'seoni', 'betul', 'amravati', 'nagpur', 'narsinghpur']"
218,chhota udaipur,"['alirajpur', 'dahod', 'vadodara', 'narmada', 'panchmahal', 'nandurbar']"
219,chikkaballapura,"['chittoor', 'kolar', 'anantapur', 'bengaluru rural', 'tumakuru']"
220,chikkamagaluru,"['dakshina kannada', 'hassan', 'udupi', 'chitradurga', 'davanagere', 'shivamogga', 'tumakuru']"
221,chitradurga,"['chikkamagaluru', 'davanagere', 'anantapur', 'ballari', 'tumakuru']"
222,chitrakoot,"['prayagraj', 'satna', 'banda', 'kaushambi', 'rewa', 'fatehpur']"
223,chittoor,"['krishnagiri', 'thiruvallur', 'vellore', 'kolar', 'chikkaballapura', 'anantapur', 's.p.s. nellore', 'y.s.r. kadapa']"
224,chittorgarh,"['rajsamand', 'bundi', 'udaipur', 'mandsaur', 'neemuch', 'bhilwara', 'kota', 'pratapgarh_rj']"
225,churu,"['nagaur', 'sikar', 'bikaner', 'hanumangarh', 'bhiwani', 'jhunjhunu']"
226,coimbatore,"['thrissur', 'ernakulam', 'idukki', 'tiruppur', 'erode', 'palakkad', 'nilgiris']"
227,cooch behar,"['jalpaiguri', 'alipurduar', 'assam_district']"
228,cuddalore,"['kallakurichi', 'thanjavur', 'perambalur', 'ariyalur', 'nagapattinam', 'viluppuram', 'puducherry']"
229,cuttack,"['kendrapara', 'nayagarh', 'dhenkanal', 'khordha', 'puri', 'angul', 'jagatsinghpur', 'jajpur']"
230,dadra and nagar haveli,"['palghar', 'valsad']"
231,dahod,"['alirajpur', 'jhabua', 'banswara', 'mahisagar', 'chhota udaipur', 'panchmahal']"
232,dakshin bastar dantewada,"['kondagaon', 'bastar', 'sukma', 'bijapur', 'narayanpur']"
233,dakshin dinajpur,"['uttar dinajpur', 'malda']"
234,dakshina kannada,"['kodagu', 'kasaragod', 'hassan', 'udupi', 'chikkamagaluru']"
235,daman,['valsad']
236,damoh,"['jabalpur', 'sagar', 'chhatarpur', 'panna', 'katni', 'narsinghpur']"
237,dang,"['dhule', 'nashik', 'tapi', 'navsari']"
238,darbhanga,"['muzaffarpur', 'samastipur', 'madhubani', 'saharsa', 'sitamarhi']"
239,darjeeling,"['kalimpong', 'kishanganj', 'jalpaiguri', 'uttar dinajpur', 'sikkim_district']"
240,datia,"['shivpuri', 'jhansi', 'lalitpur', 'bhind', 'gwalior']"
241,dausa,"['jaipur', 'alwar', 'karauli', 'tonk', 'bharatpur', 'sawai madhopur']"
242,davanagere,"['chikkamagaluru', 'chitradurga', 'haveri', 'ballari', 'shivamogga']"
243,dehradun,"['haridwar', 'uttarkashi', 'shimla', 'sirmaur', 'saharanpur', 'tehri garhwal', 'pauri garhwal']"
244,delhi,"['ghaziabad', 'gautam buddha nagar', 'sonipat', 'baghpat', 'jhajjar', 'gurugram', 'faridabad']"
245,deogarh,"['sambalpur', 'sundargarh', 'angul']"
246,deoghar,"['dumka', 'giridih', 'jamtara', 'banka', 'jamui']"
247,deoria,"['mau', 'gopalganj', 'kushinagar', 'gorakhpur', 'siwan', 'ballia']"
248,devbhumi dwarka,"['porbandar', 'jamnagar']"
249,dewas,"['khargone', 'harda', 'shajapur', 'sehore', 'ujjain', 'khandwa', 'indore']"
250,dhalai,"['unokoti', 'khowai', 'gomati', 'north tripura']"
251,dhamtari,"['kondagaon', 'gariaband', 'nabarangapur', 'durg', 'balod', 'raipur', 'uttar bastar kanker']"
252,dhanbad,"['giridih', 'jamtara', 'bokaro', 'paschim bardhaman', 'purulia']"
253,dhar,"['khargone', 'ratlam', 'barwani', 'ujjain', 'alirajpur', 'jhabua', 'indore']"
254,dharmapuri,"['krishnagiri', 'kallakurichi', 'erode', 'salem', 'chamarajanagara', 'tiruvannamalai']"
255,dharwad,"['uttara kannada', 'gadag', 'haveri', 'belagavi']"
256,dhenkanal,"['cuttack', 'kendujhar', 'angul', 'jajpur']"
257,dholpur,"['karauli', 'agra', 'bharatpur', 'morena']"
258,dhule,"['nashik', 'barwani', 'jalgaon', 'tapi', 'nandurbar', 'dang']"
259,dimapur,"['peren', 'kohima', 'assam_district']"
260,dindigul,"['idukki', 'tiruppur', 'madurai', 'theni', 'karur', 'tiruchirappalli']"
261,dindori,"['umaria', 'mungeli', 'jabalpur', 'mandla', 'anuppur', 'kabeerdham']"
262,diu,['gir somnath']
263,doda,"['anantnag', 'udhampur', 'chamba', 'ramban', 'kishtwar', 'kathua']"
264,dumka,"['deoghar', 'jamtara', 'banka', 'birbhum', 'godda', 'pakur']"
265,dungarpur,"['udaipur', 'banswara', 'mahisagar', 'aravalli', 'pratapgarh_rj']"
266,durg,"['dhamtari', 'balod', 'rajnandgaon', 'raipur', 'bametara']"
267,east champaran,"['sheohar', 'muzaffarpur', 'gopalganj', 'sitamarhi', 'west champaran']"
268,east garo hills,"['west khasi hills', 'north garo hills', 'west garo hills', 'south garo hills']"
269,east godavari,"['malkangiri', 'visakhapatnam', 'sukma', 'west godavari']"
270,east jaintia hills,"['west jaintia hills', 'assam_district']"
271,east kameng,"['west kameng', 'pakke kessang', 'papum pare', 'kurung kumey', 'tawang']"
272,east khasi hills,"['west khasi hills', 'west jaintia hills', 'south west khasi hills', 'ribhoi']"
273,east siang,"['siang', 'lower dibang valley', 'lower siang', 'upper siang', 'assam_district']"
274,east singhbhum,"['jhargram', 'mayurbhanj', 'purulia', 'saraikela-kharsawan']"
275,ernakulam,"['thrissur', 'kottayam', 'idukki', 'alappuzha', 'coimbatore']"
276,erode,"['tiruppur', 'coimbatore', 'karur', 'namakkal', 'salem', 'dharmapuri', 'chamarajanagara', 'nilgiris']"
277,etah,"['agra', 'hathras', 'mainpuri', 'kasganj', 'firozabad', 'farrukhabad']"
278,etawah,"['auraiya', 'agra', 'bhind', 'jalaun', 'mainpuri', 'firozabad', 'kannauj']"
279,faridabad,"['gurugram', 'palwal', 'gautam buddha nagar', 'delhi']"
280,faridkot,"['bathinda', 'moga', 'ferozepur', 'sri muktsar sahib']"
281,farrukhabad,"['kasganj', 'mainpuri', 'shahjahanpur', 'kannauj', 'etah', 'budaun', 'hardoi']"
282,fatehabad,"['sirsa', 'sangrur', 'mansa', 'jind', 'hisar', 'hanumangarh']"
283,fatehgarh sahib,"['rupnagar', 'sangrur', 'patiala', 'ludhiana', 's.a.s. nagar']"
284,fatehpur,"['unnao', 'banda', 'kaushambi', 'chitrakoot', 'kanpur nagar', 'rae bareli', 'hamirpur_up', 'pratapgarh_up']"
285,fazilka,"['hanumangarh', 'ferozepur', 'ganganagar', 'sri muktsar sahib']"
286,ferozepur,"['kapurthala', 'fazilka', 'jalandhar', 'moga', 'faridkot', 'tarn taran', 'sri muktsar sahib']"
287,firozabad,"['etah', 'agra', 'etawah', 'mainpuri']"
288,gadag,"['bagalkote', 'dharwad', 'haveri', 'koppal', 'ballari', 'belagavi']"
289,gadchiroli,"['bhandara', 'bijapur', 'rajnandgaon', 'chandrapur', 'narayanpur', 'uttar bastar kanker', 'gondia', 'telengana_district']"
290,gajapati,"['kandhamal', 'ganjam', 'rayagada', 'srikakulam']"
291,ganderbal,"['bandipora', 'anantnag', 'srinagar', 'kargil']"
292,gandhinagar,"['aravalli', 'ahmedabad', 'kheda', 'sabarkantha', 'mehsana']"
293,ganganagar,"['fazilka', 'hanumangarh', 'bikaner']"
294,ganjam,"['gajapati', 'kandhamal', 'nayagarh', 'srikakulam', 'khordha', 'puri']"
295,garhwa,"['sonbhadra', 'palamu', 'latehar', 'rohtas', 'balrampur_ct']"
296,gariaband,"['nuapada', 'dhamtari', 'kalahandi', 'nabarangapur', 'raipur', 'mahasamund']"
297,gautam buddha nagar,"['bulandshahr', 'hapur', 'faridabad', 'aligarh', 'ghaziabad', 'palwal', 'delhi']"
298,gaya,"['arwal', 'nalanda', 'nawada', 'palamu', 'chatra', 'jehanabad', 'hazaribagh', 'koderma', 'aurangabad_br']"
299,ghaziabad,"['hapur', 'meerut', 'baghpat', 'gautam buddha nagar', 'delhi']"
300,ghazipur,"['mau', 'jaunpur', 'varanasi', 'buxar', 'azamgarh', 'chandauli', 'ballia', 'kaimur']"
301,gir somnath,"['diu', 'junagadh', 'amreli']"
302,giridih,"['deoghar', 'nawada', 'jamtara', 'dhanbad', 'jamui', 'bokaro', 'hazaribagh', 'koderma']"
303,goa_district,"['sindhudurg', 'uttara kannada', 'belagavi']"
304,godda,"['dumka', 'banka', 'bhagalpur', 'sahibganj', 'pakur']"
305,gomati,"['khowai', 'dhalai', 'south tripura', 'sipahijala']"
306,gonda,"['basti', 'bahraich', 'barabanki', 'shrawasti', 'siddharthnagar', 'ayodhya', 'balrampur_up']"
307,gondia,"['balaghat', 'gadchiroli', 'bhandara', 'rajnandgaon']"
308,gopalganj,"['deoria', 'kushinagar', 'muzaffarpur', 'siwan', 'saran', 'east champaran', 'west champaran']"
309,gorakhpur,"['mau', 'kushinagar', 'deoria', 'azamgarh', 'ambedkar nagar', 'siddharthnagar', 'maharajganj', 'sant kabir nagar']"
310,gumla,"['jashpur', 'lohardaga', 'latehar', 'simdega', 'ranchi', 'khunti', 'balrampur_ct']"
311,guna,"['shivpuri', 'vidisha', 'rajgarh', 'bhopal', 'baran', 'jhalawar', 'ashoknagar']"
312,guntur,"['prakasam', 'krishna', 'telengana_district']"
313,gurdaspur,"['kapurthala', 'amritsar', 'hoshiarpur', 'kangra', 'pathankot']"
314,gurugram,"['faridabad', 'nuh', 'rewari', 'palwal', 'jhajjar', 'delhi']"
315,gwalior,"['morena', 'shivpuri', 'datia', 'bhind']"
316,hamirpur_hp,"['una', 'kangra', 'mandi', 'bilaspur_hp']"
317,hamirpur_up,"['mahoba', 'jhansi', 'jalaun', 'banda', 'fatehpur', 'kanpur nagar', 'kanpur dehat']"
318,hanumangarh,"['sirsa', 'churu', 'fazilka', 'bikaner', 'fatehabad', 'hisar', 'bhiwani', 'ganganagar', 'sri muktsar sahib']"
319,hapur,"['bulandshahr', 'ghaziabad', 'meerut', 'gautam buddha nagar', 'amroha']"
320,harda,"['hoshangabad', 'sehore', 'khandwa', 'betul', 'dewas']"
321,hardoi,"['lucknow', 'unnao', 'shahjahanpur', 'sitapur', 'farrukhabad', 'kannauj', 'kanpur nagar', 'lakhimpur kheri']"
322,haridwar,"['bijnor', 'dehradun', 'muzaffarnagar', 'saharanpur', 'pauri garhwal']"
323,hassan,"['kodagu', 'mysuru', 'dakshina kannada', 'mandya', 'chikkamagaluru', 'tumakuru']"
324,hathras,"['agra', 'aligarh', 'kasganj', 'mathura', 'etah']"
325,haveri,"['uttara kannada', 'davanagere', 'dharwad', 'gadag', 'ballari', 'shivamogga']"
326,hazaribagh,"['giridih', 'gaya', 'ranchi', 'ramgarh', 'chatra', 'bokaro', 'koderma']"
327,hingoli,"['nanded', 'washim', 'yavatmal', 'parbhani']"
328,hisar,"['jind', 'rohtak', 'fatehabad', 'hanumangarh', 'bhiwani']"
329,hooghly,"['nadia', 'bankura', 'howrah', 'purba bardhaman', 'north 24 parganas', 'paschim medinipur']"
330,hoshangabad,"['harda', 'sehore', 'raisen', 'betul', 'chhindwara', 'narsinghpur']"
331,hoshiarpur,"['kapurthala', 'rupnagar', 'una', 'jalandhar', 'kangra', 'gurdaspur', 'shahid bhagat singh nagar']"
332,howrah,"['kolkata', 'north 24 parganas', 'paschim medinipur', 'purba medinipur', 'south 24 parganas', 'hooghly']"
333,idukki,"['ernakulam', 'kottayam', 'tiruppur', 'coimbatore', 'virudhunagar', 'theni', 'dindigul', 'pathanamthitta', 'tirunelveli']"
334,indore,"['khargone', 'dewas', 'dhar', 'ujjain']"
335,jabalpur,"['umaria', 'damoh', 'seoni', 'dindori', 'mandla', 'katni', 'narsinghpur']"
336,jagatsinghpur,"['cuttack', 'kendrapara', 'puri']"
337,jaipur,"['ajmer', 'mahendragarh', 'nagaur', 'sikar', 'dausa', 'alwar', 'tonk']"
338,jaisalmer,"['jodhpur', 'bikaner', 'barmer']"
339,jajpur,"['kendrapara', 'cuttack', 'kendujhar', 'dhenkanal', 'bhadrak']"
340,jalandhar,"['kapurthala', 'hoshiarpur', 'moga', 'ludhiana', 'ferozepur', 'shahid bhagat singh nagar']"
341,jalaun,"['etawah', 'auraiya', 'jhansi', 'bhind', 'kanpur dehat', 'hamirpur_up']"
342,jalgaon,"['khargone', 'burhanpur', 'jalna', 'nashik', 'barwani', 'dhule', 'buldhana', 'aurangabad_mh']"
343,jalna,"['jalgaon', 'buldhana', 'parbhani', 'beed', 'aurangabad_mh']"
344,jalore,"['pali', 'sirohi', 'barmer', 'kutch', 'banaskantha']"
345,jalpaiguri,"['darjeeling', 'kalimpong', 'alipurduar', 'cooch behar']"
346,jammu,"['reasi', 'udhampur', 'samba', 'rajouri']"
347,jamnagar,"['rajkot', 'morbi', 'porbandar', 'devbhumi dwarka']"
348,jamtara,"['dumka', 'giridih', 'deoghar', 'birbhum', 'dhanbad', 'paschim bardhaman']"
349,jamui,"['sheikhpura', 'munger', 'deoghar', 'nawada', 'giridih', 'banka', 'lakhisarai']"
350,janjgir champa,"['raigarh', 'korba', 'baloda bazar', 'bilaspur_ct']"
351,jashpur,"['gumla', 'raigarh', 'sundargarh', 'simdega', 'surguja', 'balrampur_ct']"
352,jaunpur,"['varanasi', 'ghazipur', 'azamgarh', 'prayagraj', 'sultanpur', 'bhadohi', 'pratapgarh_up']"
353,jehanabad,"['nalanda', 'gaya', 'patna', 'arwal']"
354,jhabua,"['ratlam', 'alirajpur', 'banswara', 'dhar', 'dahod']"
355,jhajjar,"['gurugram', 'sonipat', 'mahendragarh', 'rohtak', 'rewari', 'charkhi dadri', 'delhi']"
356,jhalawar,"['rajgarh', 'guna', 'ratlam', 'mandsaur', 'kota', 'baran', 'agar malwa']"
357,jhansi,"['mahoba', 'shivpuri', 'lalitpur', 'tikamgarh', 'datia', 'bhind', 'jalaun', 'chhatarpur', 'niwari', 'hamirpur_up']"
358,jhargram,"['mayurbhanj', 'bankura', 'paschim medinipur', 'purulia', 'east singhbhum', 'balasore']"
359,jharsuguda,"['sambalpur', 'raigarh', 'sundargarh', 'bargarh']"
360,jhunjhunu,"['churu', 'mahendragarh', 'sikar', 'bhiwani']"
361,jind,"['karnal', 'sangrur', 'patiala', 'panipat', 'sonipat', 'kaithal', 'fatehabad', 'rohtak', 'hisar']"
362,jodhpur,"['pali', 'jaisalmer', 'nagaur', 'bikaner', 'barmer']"
363,junagadh,"['rajkot', 'porbandar', 'amreli', 'gir somnath']"
364,kabeerdham,"['mungeli', 'dindori', 'mandla', 'rajnandgaon', 'balaghat', 'bametara']"
365,kaimur,"['ghazipur', 'sonbhadra', 'buxar', 'chandauli', 'rohtas']"
366,kaithal,"['patiala', 'kurukshetra', 'karnal', 'jind']"
367,kalaburagi,"['osmanabad', 'solapur', 'bidar', 'yadgir', 'vijayapura', 'telengana_district']"
368,kalahandi,"['koraput', 'nuapada', 'kandhamal', 'gariaband', 'nabarangapur', 'rayagada', 'balangir']"
369,kalimpong,"['darjeeling', 'jalpaiguri', 'sikkim_district']"
370,kallakurichi,"['salem', 'dharmapuri', 'perambalur', 'cuddalore', 'viluppuram', 'tiruvannamalai']"
371,kamle,"['papum pare', 'lower siang', 'lower subansiri', 'kra daadi', 'upper subansiri', 'assam_district']"
372,kancheepuram,"['viluppuram', 'thiruvallur', 'vellore', 'chennai', 'tiruvannamalai']"
373,kandhamal,"['gajapati', 'ganjam', 'kalahandi', 'nayagarh', 'rayagada', 'balangir', 'boudh']"
374,kangra,"['hoshiarpur', 'chamba', 'una', 'gurdaspur', 'pathankot', 'kullu', 'mandi', 'lahaul and spiti', 'hamirpur_hp']"
375,kannauj,"['auraiya', 'etawah', 'mainpuri', 'farrukhabad', 'hardoi', 'kanpur nagar', 'kanpur dehat']"
376,kannur,"['kodagu', 'kozhikode', 'wayanad', 'kasaragod', 'mahe']"
377,kanpur dehat,"['auraiya', 'jalaun', 'kannauj', 'kanpur nagar', 'hamirpur_up']"
378,kanpur nagar,"['unnao', 'hardoi', 'fatehpur', 'kannauj', 'kanpur dehat', 'hamirpur_up']"
379,kanyakumari,"['thiruvananthapuram', 'tirunelveli']"
380,kapurthala,"['amritsar', 'hoshiarpur', 'jalandhar', 'gurdaspur', 'tarn taran', 'ferozepur', 'shahid bhagat singh nagar']"
381,karaikal,"['nagapattinam', 'thiruvarur']"
382,karauli,"['sheopur', 'morena', 'dausa', 'bharatpur', 'sawai madhopur', 'dholpur']"
383,kargil,"['anantnag', 'kishtwar', 'ganderbal', 'bandipora', 'leh', 'lahaul and spiti']"
384,karnal,"['panipat', 'shamli', 'jind', 'saharanpur', 'kaithal', 'yamunanagar', 'kurukshetra']"
385,karur,"['tiruppur', 'erode', 'dindigul', 'namakkal', 'tiruchirappalli']"
386,kasaragod,"['kodagu', 'kannur', 'dakshina kannada']"
387,kasganj,"['hathras', 'aligarh', 'etah', 'budaun', 'farrukhabad']"
388,kathua,"['udhampur', 'chamba', 'samba', 'doda', 'pathankot']"
389,katihar,"['bhagalpur', 'purnia', 'sahibganj', 'uttar dinajpur', 'malda']"
390,katni,"['umaria', 'jabalpur', 'damoh', 'satna', 'panna']"
391,kaushambi,"['prayagraj', 'chitrakoot', 'fatehpur', 'rae bareli', 'pratapgarh_up']"
392,kendrapara,"['cuttack', 'bhadrak', 'jagatsinghpur', 'jajpur']"
393,kendujhar,"['mayurbhanj', 'sundargarh', 'dhenkanal', 'bhadrak', 'angul', 'west singhbhum', 'balasore', 'jajpur']"
394,khagaria,"['munger', 'begusarai', 'samastipur', 'saharsa', 'madhepura', 'bhagalpur']"
395,khandwa,"['khargone', 'harda', 'burhanpur', 'betul', 'dewas', 'amravati']"
396,khargone,"['burhanpur', 'barwani', 'khandwa', 'dewas', 'dhar', 'jalgaon', 'indore']"
397,kheda,"['mahisagar', 'aravalli', 'gandhinagar', 'ahmedabad', 'vadodara', 'anand', 'panchmahal']"
398,khordha,"['cuttack', 'ganjam', 'nayagarh', 'puri']"
399,khowai,"['gomati', 'dhalai', 'west tripura', 'sipahijala']"
400,khunti,"['gumla', 'simdega', 'ranchi', 'saraikela-kharsawan', 'west singhbhum']"
401,kinnaur,"['kullu', 'uttarkashi', 'shimla', 'lahaul and spiti']"
402,kiphire,"['phek', 'tuensang', 'zunheboto']"
403,kishanganj,"['darjeeling', 'purnia', 'araria', 'uttar dinajpur']"
404,kishtwar,"['anantnag', 'chamba', 'doda', 'kargil', 'lahaul and spiti']"
405,kodagu,"['wayanad', 'kannur', 'mysuru', 'kasaragod', 'dakshina kannada', 'hassan']"
406,koderma,"['giridih', 'gaya', 'hazaribagh', 'nawada']"
407,kohima,"['phek', 'zunheboto', 'dimapur', 'peren', 'wokha', 'assam_district', 'manipur_district']"
408,kolar,"['chittoor', 'krishnagiri', 'chikkaballapura', 'bengaluru rural']"
409,kolasib,"['mamit', 'aizawl', 'assam_district']"
410,kolhapur,"['sindhudurg', 'ratnagiri', 'sangli', 'belagavi']"
411,kolkata,"['howrah', 'north 24 parganas', 'south 24 parganas']"
412,kollam,"['alappuzha', 'thiruvananthapuram', 'pathanamthitta', 'tirunelveli']"
413,kondagaon,"['dhamtari', 'bastar', 'nabarangapur', 'narayanpur', 'uttar bastar kanker', 'dakshin bastar dantewada']"
414,koppal,"['bagalkote', 'gadag', 'raichur', 'ballari']"
415,koraput,"['kalahandi', 'malkangiri', 'bastar', 'vizianagaram', 'visakhapatnam', 'nabarangapur', 'rayagada']"
416,korba,"['surajpur', 'raigarh', 'koriya', 'surguja', 'janjgir champa', 'bilaspur_ct']"
417,koriya,"['surajpur', 'singrauli', 'korba', 'anuppur', 'sidhi', 'shahdol', 'bilaspur_ct']"
418,kota,"['chittorgarh', 'bundi', 'mandsaur', 'sheopur', 'baran', 'jhalawar', 'sawai madhopur']"
419,kottayam,"['idukki', 'alappuzha', 'ernakulam', 'pathanamthitta']"
420,kozhikode,"['malappuram', 'wayanad', 'kannur', 'mahe']"
421,kra daadi,"['kamle', 'papum pare', 'kurung kumey', 'lower subansiri', 'upper subansiri']"
422,krishna,"['guntur', 'west godavari', 'telengana_district']"
423,krishnagiri,"['chittoor', 'dharmapuri', 'vellore', 'ramanagara', 'kolar', 'chamarajanagara', 'tiruvannamalai', 'bengaluru rural', 'bengaluru urban']"
424,kulgam,"['reasi', 'anantnag', 'punch', 'ramban', 'rajouri', 'budgam', 'shopiyan']"
425,kullu,"['shimla', 'kinnaur', 'kangra', 'mandi', 'lahaul and spiti']"
426,kupwara,"['bandipora', 'baramulla']"
427,kurnool,"['prakasam', 'anantapur', 'raichur', 'ballari', 'y.s.r. kadapa', 'telengana_district']"
428,kurukshetra,"['karnal', 'ambala', 'patiala', 'kaithal', 'yamunanagar']"
429,kurung kumey,"['papum pare', 'east kameng', 'kra daadi', 'upper subansiri']"
430,kushinagar,"['gopalganj', 'deoria', 'gorakhpur', 'maharajganj', 'west champaran']"
431,kutch,"['patan', 'barmer', 'surendranagar', 'morbi', 'jalore', 'banaskantha']"
432,lahaul and spiti,"['kinnaur', 'chamba', 'kangra', 'kishtwar', 'kullu', 'leh', 'kargil']"
433,lakhimpur kheri,"['pilibhit', 'bahraich', 'shahjahanpur', 'sitapur', 'hardoi']"
434,lakhisarai,"['sheikhpura', 'munger', 'nalanda', 'begusarai', 'patna', 'jamui']"
435,lalitpur,"['shivpuri', 'jhansi', 'tikamgarh', 'sagar', 'datia', 'chhatarpur', 'niwari', 'ashoknagar']"
436,latehar,"['gumla', 'chatra', 'palamu', 'garhwa', 'lohardaga', 'ranchi', 'balrampur_ct']"
437,latur,"['nanded', 'osmanabad', 'parbhani', 'bidar', 'beed']"
438,lawngtlai,"['lunglei', 'saiha']"
439,leh,"['kargil', 'lahaul and spiti']"
440,lepa rada,"['lower siang', 'upper subansiri', 'west siang']"
441,lohardaga,"['gumla', 'ranchi', 'latehar']"
442,lohit,"['anjaw', 'namsai', 'changlang', 'lower dibang valley', 'assam_district']"
443,longding,"['mon', 'tirap', 'assam_district']"
444,longleng,"['mokokchung', 'mon', 'tuensang', 'assam_district']"
445,lower dibang valley,"['lohit', 'east siang', 'upper siang', 'upper dibang valley', 'assam_district']"
446,lower siang,"['kamle', 'siang', 'east siang', 'upper subansiri', 'west siang', 'lepa rada', 'assam_district']"
447,lower subansiri,"['kamle', 'papum pare', 'kra daadi']"
448,lucknow,"['unnao', 'barabanki', 'sitapur', 'hardoi', 'rae bareli']"
449,ludhiana,"['rupnagar', 'sangrur', 'jalandhar', 'moga', 'barnala', 'fatehgarh sahib', 'shahid bhagat singh nagar']"
450,lunglei,"['mamit', 'lawngtlai', 'serchhip', 'aizawl']"
451,madhepura,"['khagaria', 'supaul', 'saharsa', 'bhagalpur', 'purnia', 'araria']"
452,madhubani,"['saharsa', 'sitamarhi', 'supaul', 'darbhanga']"
453,madurai,"['virudhunagar', 'theni', 'dindigul', 'sivaganga', 'tiruchirappalli']"
454,maharajganj,"['gorakhpur', 'kushinagar', 'siddharthnagar', 'west champaran']"
455,mahasamund,"['nuapada', 'bargarh', 'gariaband', 'raigarh', 'raipur', 'baloda bazar']"
456,mahe,"['kozhikode', 'kannur']"
457,mahendragarh,"['jaipur', 'sikar', 'rewari', 'alwar', 'jhajjar', 'bhiwani', 'charkhi dadri', 'jhunjhunu']"
458,mahisagar,"['dungarpur', 'banswara', 'dahod', 'aravalli', 'kheda', 'panchmahal']"
459,mahoba,"['jhansi', 'banda', 'chhatarpur', 'hamirpur_up']"
460,mainpuri,"['etawah', 'etah', 'firozabad', 'farrukhabad', 'kannauj']"
461,malappuram,"['thrissur', 'kozhikode', 'wayanad', 'palakkad', 'nilgiris']"
462,malda,"['murshidabad', 'katihar', 'sahibganj', 'dakshin dinajpur', 'uttar dinajpur']"
463,malkangiri,"['koraput', 'bastar', 'visakhapatnam', 'sukma', 'east godavari']"
464,mamit,"['kolasib', 'lunglei', 'north tripura', 'aizawl', 'assam_district']"
465,mandi,"['shimla', 'kangra', 'kullu', 'solan', 'bilaspur_hp', 'hamirpur_hp']"
466,mandla,"['jabalpur', 'seoni', 'dindori', 'balaghat', 'kabeerdham']"
467,mandsaur,"['chittorgarh', 'ratlam', 'neemuch', 'kota', 'jhalawar', 'pratapgarh_rj']"
468,mandya,"['mysuru', 'ramanagara', 'hassan', 'chamarajanagara', 'tumakuru']"
469,manipur_district,"['peren', 'assam_district', 'champhai', 'aizawl', 'phek', 'kohima']"
470,mansa,"['sirsa', 'bathinda', 'sangrur', 'fatehabad', 'barnala']"
471,mathura,"['agra', 'hathras', 'nuh', 'aligarh', 'palwal', 'bharatpur']"
472,mau,"['ghazipur', 'deoria', 'azamgarh', 'gorakhpur', 'ballia']"
473,mayurbhanj,"['jhargram', 'kendujhar', 'east singhbhum', 'saraikela-kharsawan', 'west singhbhum', 'balasore']"
474,meerut,"['bijnor', 'hapur', 'muzaffarnagar', 'ghaziabad', 'baghpat', 'amroha']"
475,mehsana,"['patan', 'gandhinagar', 'surendranagar', 'ahmedabad', 'banaskantha', 'sabarkantha']"
476,mirzapur,"['varanasi', 'sonbhadra', 'prayagraj', 'singrauli', 'chandauli', 'rewa', 'bhadohi']"
477,moga,"['bathinda', 'jalandhar', 'barnala', 'faridkot', 'ludhiana', 'ferozepur']"
478,mokokchung,"['longleng', 'zunheboto', 'wokha', 'tuensang', 'assam_district']"
479,mon,"['longding', 'longleng', 'tuensang', 'assam_district']"
480,moradabad,"['sambhal', 'bijnor', 'rampur', 'budaun', 'udham singh nagar', 'amroha']"
481,morbi,"['rajkot', 'kutch', 'surendranagar', 'jamnagar']"
482,morena,"['shivpuri', 'agra', 'bhind', 'sheopur', 'gwalior', 'karauli', 'dholpur']"
483,mumbai,['thane']
484,mungeli,"['dindori', 'anuppur', 'baloda bazar', 'bametara', 'kabeerdham', 'bilaspur_ct']"
485,munger,"['khagaria', 'begusarai', 'banka', 'lakhisarai', 'bhagalpur', 'jamui']"
486,murshidabad,"['birbhum', 'sahibganj', 'nadia', 'purba bardhaman', 'malda', 'pakur']"
487,muzaffarnagar,"['haridwar', 'bijnor', 'shamli', 'saharanpur', 'meerut', 'baghpat']"
488,muzaffarpur,"['sheohar', 'gopalganj', 'darbhanga', 'vaishali', 'samastipur', 'sitamarhi', 'saran', 'east champaran']"
489,mysuru,"['kodagu', 'wayanad', 'mandya', 'hassan', 'chamarajanagara']"
490,nabarangapur,"['koraput', 'dhamtari', 'kalahandi', 'kondagaon', 'bastar', 'gariaband']"
491,nadia,"['murshidabad', 'purba bardhaman', 'north 24 parganas', 'hooghly']"
492,nagapattinam,"['karaikal', 'thanjavur', 'cuddalore', 'thiruvarur']"
493,nagaur,"['pali', 'churu', 'jodhpur', 'jaipur', 'ajmer', 'sikar', 'bikaner']"
494,nagpur,"['wardha', 'bhandara', 'seoni', 'amravati', 'chandrapur', 'balaghat', 'chhindwara']"
495,nainital,"['bijnor', 'champawat', 'almora', 'pauri garhwal', 'udham singh nagar']"
496,nalanda,"['sheikhpura', 'nawada', 'lakhisarai', 'gaya', 'patna', 'jehanabad']"
497,namakkal,"['erode', 'karur', 'salem', 'tiruchirappalli']"
498,namsai,"['lohit', 'changlang', 'assam_district']"
499,nanded,"['hingoli', 'latur', 'yavatmal', 'parbhani', 'bidar', 'telengana_district']"
500,nandurbar,"['barwani', 'alirajpur', 'dhule', 'chhota udaipur', 'narmada', 'tapi']"
501,narayanpur,"['kondagaon', 'gadchiroli', 'bijapur', 'uttar bastar kanker', 'dakshin bastar dantewada']"
502,narmada,"['surat', 'chhota udaipur', 'vadodara', 'bharuch', 'tapi', 'nandurbar']"
503,narsinghpur,"['jabalpur', 'damoh', 'hoshangabad', 'sagar', 'raisen', 'seoni', 'chhindwara']"
504,nashik,"['valsad', 'dhule', 'jalgaon', 'ahmednagar', 'palghar', 'thane', 'navsari', 'dang', 'aurangabad_mh']"
505,navsari,"['nashik', 'valsad', 'surat', 'tapi', 'dang']"
506,nawada,"['sheikhpura', 'giridih', 'nalanda', 'gaya', 'jamui', 'koderma']"
507,nayagarh,"['kandhamal', 'cuttack', 'ganjam', 'khordha', 'boudh', 'angul']"
508,neemuch,"['chittorgarh', 'mandsaur', 'bhilwara', 'pratapgarh_rj']"
509,nilgiris,"['malappuram', 'wayanad', 'coimbatore', 'erode', 'chamarajanagara', 'palakkad']"
510,niwari,"['jhansi', 'tikamgarh', 'lalitpur']"
511,north 24 parganas,"['nadia', 'kolkata', 'howrah', 'south 24 parganas', 'hooghly']"
512,north garo hills,"['west khasi hills', 'west garo hills', 'east garo hills', 'assam_district']"
513,north tripura,"['mamit', 'unokoti', 'dhalai', 'assam_district']"
514,nuapada,"['kalahandi', 'bargarh', 'gariaband', 'mahasamund', 'balangir']"
515,nuh,"['gurugram', 'rewari', 'alwar', 'mathura', 'palwal', 'bharatpur']"
516,osmanabad,"['latur', 'ahmednagar', 'solapur', 'bidar', 'kalaburagi', 'beed']"
517,pakke kessang,"['west kameng', 'papum pare', 'east kameng', 'assam_district']"
518,pakur,"['dumka', 'murshidabad', 'birbhum', 'godda', 'sahibganj']"
519,palakkad,"['thrissur', 'malappuram', 'coimbatore', 'nilgiris']"
520,palamu,"['garhwa', 'gaya', 'latehar', 'chatra', 'rohtas', 'aurangabad_br']"
521,palghar,"['nashik', 'valsad', 'thane', 'dadra and nagar haveli']"
522,pali,"['rajsamand', 'jodhpur', 'udaipur', 'ajmer', 'nagaur', 'sirohi', 'barmer', 'jalore']"
523,palwal,"['gurugram', 'faridabad', 'nuh', 'aligarh', 'mathura', 'gautam buddha nagar']"
524,panchkula,"['ambala', 'sirmaur', 'solan', 'chandigarh', 's.a.s. nagar']"
525,panchmahal,"['dahod', 'mahisagar', 'chhota udaipur', 'kheda', 'vadodara']"
526,panipat,"['karnal', 'shamli', 'jind', 'sonipat', 'baghpat']"
527,panna,"['damoh', 'chhatarpur', 'satna', 'banda', 'katni']"
528,papum pare,"['kamle', 'pakke kessang', 'east kameng', 'kurung kumey', 'lower subansiri', 'kra daadi', 'assam_district']"
529,parbhani,"['jalna', 'hingoli', 'latur', 'nanded', 'washim', 'buldhana', 'beed']"
530,paschim bardhaman,"['jamtara', 'birbhum', 'dhanbad', 'bankura', 'purba bardhaman', 'purulia']"
531,paschim medinipur,"['jhargram', 'bankura', 'howrah', 'purba medinipur', 'hooghly', 'balasore']"
532,patan,"['kutch', 'surendranagar', 'banaskantha', 'mehsana']"
533,pathanamthitta,"['kollam', 'kottayam', 'idukki', 'alappuzha', 'tirunelveli']"
534,pathankot,"['kathua', 'chamba', 'kangra', 'gurdaspur']"
535,patiala,"['sangrur', 'ambala', 'jind', 'kaithal', 'kurukshetra', 'fatehgarh sahib', 's.a.s. nagar']"
536,patna,"['arwal', 'nalanda', 'begusarai', 'vaishali', 'bhojpur', 'samastipur', 'lakhisarai', 'jehanabad', 'saran']"
537,pauri garhwal,"['haridwar', 'nainital', 'bijnor', 'chamoli', 'dehradun', 'almora', 'rudraprayag', 'tehri garhwal']"
538,perambalur,"['kallakurichi', 'salem', 'ariyalur', 'cuddalore', 'tiruchirappalli']"
539,peren,"['kohima', 'dimapur', 'assam_district', 'manipur_district']"
540,phek,"['kohima', 'zunheboto', 'kiphire', 'manipur_district']"
541,pilibhit,"['bareilly', 'shahjahanpur', 'udham singh nagar', 'lakhimpur kheri']"
542,pithoragarh,"['bageshwar', 'chamoli', 'almora', 'champawat']"
543,porbandar,"['rajkot', 'junagadh', 'jamnagar', 'devbhumi dwarka']"
544,prakasam,"['guntur', 'kurnool', 's.p.s. nellore', 'y.s.r. kadapa', 'telengana_district']"
545,pratapgarh_rj,"['chittorgarh', 'ratlam', 'dungarpur', 'udaipur', 'mandsaur', 'neemuch', 'banswara']"
546,pratapgarh_up,"['jaunpur', 'prayagraj', 'amethi', 'kaushambi', 'sultanpur', 'fatehpur', 'rae bareli']"
547,prayagraj,"['jaunpur', 'mirzapur', 'kaushambi', 'rewa', 'chitrakoot', 'bhadohi', 'pratapgarh_up']"
548,puducherry,"['cuddalore', 'viluppuram']"
549,pudukkottai,"['thanjavur', 'ramanathapuram', 'sivaganga', 'tiruchirappalli']"
550,pulwama,"['anantnag', 'srinagar', 'budgam', 'shopiyan']"
551,punch,"['reasi', 'kulgam', 'rajouri', 'budgam', 'baramulla']"
552,pune,"['raigad', 'satara', 'ahmednagar', 'thane', 'solapur']"
553,purba bardhaman,"['murshidabad', 'birbhum', 'bankura', 'nadia', 'paschim bardhaman', 'hooghly']"
554,purba medinipur,"['howrah', 'paschim medinipur', 'south 24 parganas', 'balasore']"
555,puri,"['cuttack', 'ganjam', 'khordha', 'jagatsinghpur']"
556,purnia,"['katihar', 'madhepura', 'bhagalpur', 'kishanganj', 'araria', 'uttar dinajpur']"
557,purulia,"['jhargram', 'dhanbad', 'bankura', 'ramgarh', 'ranchi', 'bokaro', 'paschim bardhaman', 'east singhbhum', 'saraikela-kharsawan']"
558,rae bareli,"['lucknow', 'unnao', 'amethi', 'kaushambi', 'barabanki', 'fatehpur', 'pratapgarh_up']"
559,raichur,"['kurnool', 'bagalkote', 'koppal', 'ballari', 'yadgir', 'vijayapura', 'telengana_district']"
560,raigad,"['satara', 'thane', 'ratnagiri', 'pune']"
561,raigarh,"['jharsuguda', 'bargarh', 'jashpur', 'korba', 'sundargarh', 'mahasamund', 'surguja', 'baloda bazar', 'janjgir champa']"
562,raipur,"['dhamtari', 'gariaband', 'durg', 'mahasamund', 'baloda bazar', 'bametara']"
563,raisen,"['vidisha', 'hoshangabad', 'sagar', 'sehore', 'bhopal', 'narsinghpur']"
564,rajgarh,"['guna', 'shajapur', 'sehore', 'bhopal', 'jhalawar', 'agar malwa']"
565,rajkot,"['surendranagar', 'morbi', 'botad', 'junagadh', 'porbandar', 'amreli', 'jamnagar']"
566,rajnandgaon,"['gadchiroli', 'durg', 'balod', 'balaghat', 'uttar bastar kanker', 'gondia', 'bametara', 'kabeerdham']"
567,rajouri,"['reasi', 'jammu', 'kulgam', 'punch']"
568,rajsamand,"['pali', 'chittorgarh', 'udaipur', 'ajmer', 'bhilwara']"
569,ramanagara,"['krishnagiri', 'mandya', 'chamarajanagara', 'bengaluru rural', 'bengaluru urban', 'tumakuru']"
570,ramanathapuram,"['virudhunagar', 'pudukkottai', 'thoothukkudi', 'sivaganga']"
571,ramban,"['reasi', 'anantnag', 'udhampur', 'doda', 'kulgam']"
572,ramgarh,"['ranchi', 'bokaro', 'hazaribagh', 'purulia']"
573,rampur,"['moradabad', 'bareilly', 'budaun', 'udham singh nagar']"
574,ranchi,"['gumla', 'lohardaga', 'khunti', 'latehar', 'ramgarh', 'chatra', 'hazaribagh', 'purulia', 'saraikela-kharsawan']"
575,ratlam,"['mandsaur', 'ujjain', 'jhabua', 'banswara', 'dhar', 'jhalawar', 'agar malwa', 'pratapgarh_rj']"
576,ratnagiri,"['kolhapur', 'sindhudurg', 'raigad', 'satara', 'sangli']"
577,rayagada,"['koraput', 'gajapati', 'kalahandi', 'kandhamal', 'vizianagaram', 'srikakulam']"
578,reasi,"['udhampur', 'punch', 'jammu', 'ramban', 'kulgam', 'rajouri']"
579,rewa,"['prayagraj', 'singrauli', 'satna', 'mirzapur', 'chitrakoot', 'sidhi']"
580,rewari,"['gurugram', 'nuh', 'mahendragarh', 'alwar', 'jhajjar']"
581,ribhoi,"['west khasi hills', 'west jaintia hills', 'east khasi hills', 'assam_district']"
582,rohtak,"['jind', 'sonipat', 'hisar', 'jhajjar', 'bhiwani', 'charkhi dadri']"
583,rohtas,"['arwal', 'sonbhadra', 'buxar', 'palamu', 'bhojpur', 'garhwa', 'kaimur', 'aurangabad_br']"
584,rudraprayag,"['uttarkashi', 'chamoli', 'tehri garhwal', 'pauri garhwal']"
585,rupnagar,"['hoshiarpur', 'una', 'solan', 'ludhiana', 'fatehgarh sahib', 's.a.s. nagar', 'shahid bhagat singh nagar', 'bilaspur_hp']"
586,s.a.s. nagar,"['rupnagar', 'ambala', 'panchkula', 'patiala', 'solan', 'chandigarh', 'fatehgarh sahib']"
587,s.p.s. nellore,"['prakasam', 'chittoor', 'thiruvallur', 'y.s.r. kadapa']"
588,sabarkantha,"['udaipur', 'sirohi', 'aravalli', 'gandhinagar', 'banaskantha', 'mehsana']"
589,sagar,"['damoh', 'vidisha', 'lalitpur', 'raisen', 'chhatarpur', 'ashoknagar', 'narsinghpur']"
590,saharanpur,"['haridwar', 'karnal', 'sirmaur', 'dehradun', 'muzaffarnagar', 'shamli', 'yamunanagar']"
591,saharsa,"['khagaria', 'supaul', 'darbhanga', 'samastipur', 'madhubani', 'madhepura']"
592,sahibganj,"['murshidabad', 'katihar', 'bhagalpur', 'godda', 'malda', 'pakur']"
593,saiha,['lawngtlai']
594,salem,"['kallakurichi', 'erode', 'namakkal', 'dharmapuri', 'perambalur', 'chamarajanagara', 'tiruchirappalli']"
595,samastipur,"['muzaffarpur', 'khagaria', 'darbhanga', 'vaishali', 'begusarai', 'saharsa', 'patna']"
596,samba,"['kathua', 'jammu', 'udhampur']"
597,sambalpur,"['bargarh', 'sundargarh', 'jharsuguda', 'angul', 'deogarh', 'subarnapur']"
598,sambhal,"['bulandshahr', 'moradabad', 'aligarh', 'budaun', 'amroha']"
599,sangli,"['kolhapur', 'satara', 'ratnagiri', 'solapur', 'belagavi', 'vijayapura']"
600,sangrur,"['patiala', 'mansa', 'jind', 'fatehabad', 'barnala', 'ludhiana', 'fatehgarh sahib']"
601,sant kabir nagar,"['gorakhpur', 'basti', 'ambedkar nagar', 'siddharthnagar']"
602,saraikela-kharsawan,"['mayurbhanj', 'ranchi', 'khunti', 'purulia', 'east singhbhum', 'west singhbhum']"
603,saran,"['muzaffarpur', 'gopalganj', 'vaishali', 'bhojpur', 'siwan', 'ballia', 'patna']"
604,satara,"['raigad', 'ratnagiri', 'solapur', 'pune', 'sangli']"
605,satna,"['umaria', 'banda', 'panna', 'katni', 'rewa', 'chitrakoot', 'sidhi', 'shahdol']"
606,sawai madhopur,"['bundi', 'sheopur', 'kota', 'dausa', 'karauli', 'tonk']"
607,sehore,"['harda', 'rajgarh', 'shajapur', 'hoshangabad', 'raisen', 'dewas', 'bhopal']"
608,seoni,"['jabalpur', 'mandla', 'nagpur', 'balaghat', 'chhindwara', 'narsinghpur']"
609,serchhip,"['champhai', 'lunglei', 'aizawl']"
610,shahdol,"['umaria', 'satna', 'anuppur', 'sidhi', 'koriya']"
611,shahid bhagat singh nagar,"['kapurthala', 'rupnagar', 'hoshiarpur', 'jalandhar', 'ludhiana']"
612,shahjahanpur,"['pilibhit', 'bareilly', 'budaun', 'farrukhabad', 'hardoi', 'lakhimpur kheri']"
613,shajapur,"['rajgarh', 'sehore', 'ujjain', 'dewas', 'agar malwa']"
614,shamli,"['karnal', 'panipat', 'muzaffarnagar', 'saharanpur', 'baghpat']"
615,sheikhpura,"['jamui', 'lakhisarai', 'nalanda', 'nawada']"
616,sheohar,"['sitamarhi', 'muzaffarpur', 'east champaran']"
617,sheopur,"['shivpuri', 'kota', 'morena', 'baran', 'karauli', 'sawai madhopur']"
618,shi yomi,"['siang', 'upper subansiri', 'west siang', 'upper siang']"
619,shimla,"['uttarkashi', 'kinnaur', 'sirmaur', 'dehradun', 'kullu', 'solan', 'mandi']"
620,shivamogga,"['uttara kannada', 'udupi', 'chikkamagaluru', 'davanagere', 'haveri']"
621,shivpuri,"['guna', 'jhansi', 'lalitpur', 'datia', 'sheopur', 'gwalior', 'morena', 'baran', 'ashoknagar']"
622,shopiyan,"['anantnag', 'kulgam', 'pulwama', 'budgam']"
623,shrawasti,"['gonda', 'bahraich', 'balrampur_up']"
624,siang,"['east siang', 'lower siang', 'west siang', 'shi yomi', 'upper siang']"
625,siddharthnagar,"['gorakhpur', 'basti', 'gonda', 'maharajganj', 'sant kabir nagar', 'balrampur_up']"
626,sidhi,"['singrauli', 'satna', 'rewa', 'koriya', 'shahdol']"
627,sikar,"['churu', 'jaipur', 'mahendragarh', 'nagaur', 'jhunjhunu']"
628,sikkim_district,"['kalimpong', 'darjeeling']"
629,simdega,"['gumla', 'jashpur', 'sundargarh', 'khunti', 'west singhbhum']"
630,sindhudurg,"['kolhapur', 'ratnagiri', 'belagavi', 'goa_district']"
631,singrauli,"['sonbhadra', 'surajpur', 'mirzapur', 'rewa', 'sidhi', 'koriya', 'balrampur_ct']"
632,sipahijala,"['khowai', 'gomati', 'west tripura', 'south tripura']"
633,sirmaur,"['shimla', 'ambala', 'panchkula', 'dehradun', 'saharanpur', 'solan', 'yamunanagar']"
634,sirohi,"['pali', 'udaipur', 'jalore', 'banaskantha', 'sabarkantha']"
635,sirsa,"['bathinda', 'mansa', 'fatehabad', 'hanumangarh', 'sri muktsar sahib']"
636,sitamarhi,"['sheohar', 'muzaffarpur', 'darbhanga', 'madhubani', 'east champaran']"
637,sitapur,"['lucknow', 'bahraich', 'barabanki', 'hardoi', 'lakhimpur kheri']"
638,sivaganga,"['virudhunagar', 'pudukkottai', 'ramanathapuram', 'madurai', 'tiruchirappalli']"
639,siwan,"['gopalganj', 'ballia', 'deoria', 'saran']"
640,solan,"['rupnagar', 'shimla', 'panchkula', 'sirmaur', 'mandi', 's.a.s. nagar', 'bilaspur_hp']"
641,solapur,"['ahmednagar', 'osmanabad', 'satara', 'pune', 'sangli', 'kalaburagi', 'vijayapura']"
642,sonbhadra,"['garhwa', 'singrauli', 'mirzapur', 'chandauli', 'rohtas', 'kaimur', 'balrampur_ct']"
643,sonipat,"['panipat', 'jind', 'rohtak', 'baghpat', 'jhajjar', 'delhi']"
644,south 24 parganas,"['kolkata', 'howrah', 'north 24 parganas', 'purba medinipur']"
645,south garo hills,"['west khasi hills', 'west garo hills', 'east garo hills', 'south west khasi hills']"
646,south tripura,"['gomati', 'sipahijala']"
647,south west garo hills,"['west garo hills', 'assam_district']"
648,south west khasi hills,"['west khasi hills', 'south garo hills', 'east khasi hills']"
649,sri muktsar sahib,"['sirsa', 'bathinda', 'fazilka', 'faridkot', 'hanumangarh', 'ferozepur']"
650,srikakulam,"['ganjam', 'gajapati', 'rayagada', 'vizianagaram']"
651,srinagar,"['anantnag', 'ganderbal', 'pulwama', 'bandipora', 'budgam', 'baramulla']"
652,subarnapur,"['bargarh', 'sambalpur', 'balangir', 'boudh', 'angul']"
653,sukma,"['malkangiri', 'bastar', 'bijapur', 'east godavari', 'dakshin bastar dantewada']"
654,sultanpur,"['jaunpur', 'azamgarh', 'amethi', 'ambedkar nagar', 'ayodhya', 'pratapgarh_up']"
655,sundargarh,"['jashpur', 'sambalpur', 'raigarh', 'simdega', 'kendujhar', 'jharsuguda', 'angul', 'deogarh', 'west singhbhum']"
656,supaul,"['madhubani', 'saharsa', 'madhepura', 'araria']"
657,surajpur,"['singrauli', 'korba', 'koriya', 'surguja', 'balrampur_ct']"
658,surat,"['narmada', 'bharuch', 'tapi', 'navsari']"
659,surendranagar,"['patan', 'rajkot', 'kutch', 'ahmedabad', 'morbi', 'botad', 'mehsana']"
660,surguja,"['surajpur', 'jashpur', 'raigarh', 'korba', 'balrampur_ct']"
661,tapi,"['dhule', 'surat', 'narmada', 'nandurbar', 'navsari', 'dang']"
662,tarn taran,"['kapurthala', 'amritsar', 'ferozepur']"
663,tawang,"['west kameng', 'east kameng']"
664,tehri garhwal,"['uttarkashi', 'dehradun', 'rudraprayag', 'pauri garhwal']"
665,telengana_district,"['nanded', 'yavatmal', 'chandrapur', 'bidar', 'kalaburagi', 'raichur', 'yadgir', 'krishna', 'west godavari', 'guntur', 'prakasam', 'kurnool', 'bijapur', 'gadchiroli']"
666,thane,"['raigad', 'nashik', 'ahmednagar', 'palghar', 'pune', 'mumbai']"
667,thanjavur,"['pudukkottai', 'ariyalur', 'cuddalore', 'nagapattinam', 'thiruvarur', 'tiruchirappalli']"
668,theni,"['idukki', 'virudhunagar', 'madurai', 'dindigul']"
669,thiruvallur,"['chittoor', 'vellore', 'chennai', 'kancheepuram', 's.p.s. nellore']"
670,thiruvananthapuram,"['kollam', 'kanyakumari', 'tirunelveli']"
671,thiruvarur,"['karaikal', 'thanjavur', 'nagapattinam']"
672,thoothukkudi,"['virudhunagar', 'ramanathapuram', 'tirunelveli']"
673,thrissur,"['ernakulam', 'malappuram', 'coimbatore', 'palakkad']"
674,tikamgarh,"['jhansi', 'niwari', 'chhatarpur', 'lalitpur']"
675,tirap,"['longding', 'changlang', 'assam_district']"
676,tiruchirappalli,"['pudukkottai', 'thanjavur', 'madurai', 'dindigul', 'karur', 'namakkal', 'salem', 'perambalur', 'ariyalur', 'sivaganga']"
677,tirunelveli,"['kollam', 'idukki', 'thiruvananthapuram', 'kanyakumari', 'virudhunagar', 'thoothukkudi', 'pathanamthitta']"
678,tiruppur,"['idukki', 'coimbatore', 'erode', 'dindigul', 'karur']"
679,tiruvannamalai,"['krishnagiri', 'kallakurichi', 'dharmapuri', 'viluppuram', 'vellore', 'kancheepuram']"
680,tonk,"['jaipur', 'bundi', 'ajmer', 'bhilwara', 'dausa', 'sawai madhopur']"
681,tuensang,"['longleng', 'zunheboto', 'mokokchung', 'mon', 'kiphire']"
682,tumakuru,"['mandya', 'ramanagara', 'hassan', 'chikkamagaluru', 'chikkaballapura', 'chitradurga', 'anantapur', 'bengaluru rural']"
683,udaipur,"['pali', 'rajsamand', 'chittorgarh', 'dungarpur', 'sirohi', 'aravalli', 'sabarkantha', 'pratapgarh_rj']"
684,udham singh nagar,"['nainital', 'bijnor', 'pilibhit', 'rampur', 'bareilly', 'champawat', 'moradabad']"
685,udhampur,"['reasi', 'jammu', 'ramban', 'samba', 'doda', 'kathua']"
686,udupi,"['uttara kannada', 'dakshina kannada', 'chikkamagaluru', 'shivamogga']"
687,ujjain,"['shajapur', 'ratlam', 'dhar', 'dewas', 'indore', 'agar malwa']"
688,umaria,"['jabalpur', 'dindori', 'satna', 'katni', 'anuppur', 'shahdol']"
689,una,"['rupnagar', 'hoshiarpur', 'kangra', 'bilaspur_hp', 'hamirpur_hp']"
690,unnao,"['lucknow', 'fatehpur', 'hardoi', 'kanpur nagar', 'rae bareli']"
691,unokoti,"['dhalai', 'north tripura']"
692,upper dibang valley,"['lower dibang valley', 'upper siang']"
693,upper siang,"['siang', 'east siang', 'lower dibang valley', 'shi yomi', 'upper dibang valley']"
694,upper subansiri,"['kamle', 'lower siang', 'kurung kumey', 'kra daadi', 'west siang', 'shi yomi', 'lepa rada']"
695,uttar bastar kanker,"['dhamtari', 'kondagaon', 'gadchiroli', 'balod', 'rajnandgaon', 'narayanpur']"
696,uttar dinajpur,"['katihar', 'purnia', 'darjeeling', 'kishanganj', 'dakshin dinajpur', 'malda']"
697,uttara kannada,"['udupi', 'dharwad', 'haveri', 'belagavi', 'shivamogga', 'goa_district']"
698,uttarkashi,"['shimla', 'kinnaur', 'chamoli', 'dehradun', 'rudraprayag', 'tehri garhwal']"
699,vadodara,"['chhota udaipur', 'kheda', 'anand', 'narmada', 'bharuch', 'panchmahal']"
700,vaishali,"['samastipur', 'patna', 'muzaffarpur', 'saran']"
701,valsad,"['nashik', 'palghar', 'daman', 'dadra and nagar haveli', 'navsari']"
702,varanasi,"['jaunpur', 'ghazipur', 'mirzapur', 'chandauli', 'bhadohi']"
703,vellore,"['krishnagiri', 'chittoor', 'thiruvallur', 'tiruvannamalai', 'kancheepuram']"
704,vidisha,"['guna', 'sagar', 'raisen', 'bhopal', 'ashoknagar']"
705,vijayapura,"['solapur', 'sangli', 'kalaburagi', 'bagalkote', 'raichur', 'belagavi', 'yadgir']"
706,viluppuram,"['kallakurichi', 'cuddalore', 'puducherry', 'tiruvannamalai', 'kancheepuram']"
707,virudhunagar,"['idukki', 'ramanathapuram', 'madurai', 'theni', 'thoothukkudi', 'sivaganga', 'tirunelveli']"
708,visakhapatnam,"['koraput', 'malkangiri', 'vizianagaram', 'east godavari']"
709,vizianagaram,"['koraput', 'rayagada', 'visakhapatnam', 'srikakulam']"
710,wardha,"['amravati', 'chandrapur', 'nagpur', 'yavatmal']"
711,washim,"['hingoli', 'akola', 'buldhana', 'yavatmal', 'amravati', 'parbhani']"
712,wayanad,"['kodagu', 'malappuram', 'kozhikode', 'kannur', 'mysuru', 'chamarajanagara', 'nilgiris']"
713,west champaran,"['gopalganj', 'kushinagar', 'maharajganj', 'east champaran']"
714,west garo hills,"['north garo hills', 'east garo hills', 'south garo hills', 'south west garo hills', 'assam_district']"
715,west godavari,"['krishna', 'east godavari', 'telengana_district']"
716,west jaintia hills,"['east jaintia hills', 'east khasi hills', 'ribhoi', 'assam_district']"
717,west kameng,"['pakke kessang', 'east kameng', 'tawang', 'assam_district']"
718,west khasi hills,"['north garo hills', 'east garo hills', 'south garo hills', 'south west khasi hills', 'east khasi hills', 'ribhoi', 'assam_district']"
719,west siang,"['siang', 'lower siang', 'upper subansiri', 'shi yomi', 'lepa rada']"
720,west singhbhum,"['mayurbhanj', 'sundargarh', 'simdega', 'kendujhar', 'khunti', 'saraikela-kharsawan']"
721,west tripura,"['khowai', 'sipahijala']"
722,wokha,"['mokokchung', 'kohima', 'zunheboto', 'assam_district']"
723,y.s.r. kadapa,"['prakasam', 'chittoor', 'kurnool', 'anantapur', 's.p.s. nellore']"
724,yadgir,"['kalaburagi', 'raichur', 'vijayapura', 'telengana_district']"
725,yamunanagar,"['karnal', 'ambala', 'sirmaur', 'saharanpur', 'kurukshetra']"
726,yavatmal,"['wardha', 'hingoli', 'nanded', 'washim', 'amravati', 'chandrapur', 'telengana_district']"
727,zunheboto,"['phek', 'kohima', 'mokokchung', 'wokha', 'kiphire', 'tuensang']"
