adilabad, TG
baksa, AS
barpeta, AS
bhadradri kothagudem, KN
bishnupur, MN
bishwanath, AS
bongaigaon, AS
cachar, AS
chandel, MN
charaideo, AS
chirang, AS
churachandpur, MN
darrang, AS
dhemaji, AS
dhubri, AS
dibrugarh, AS
dima hasao, AS
east karbi anglong, AS
east sikkim, SK
goalpara, AS
golaghat, AS
hailakandi, AS
hojai, AS
hyderabad, TG
imphal east, MN
imphal west, MN
jagtial, TG
jangaon, TG
jayashankar bhupalapally, TG
jiribam, MN
jogulamba gadwal, TG
jorhat, AS 
kakching, MN
kamareddy, TG
kamjong, MN
kamrup, AS
kamrup metropolitan, AS
kangpokpi, MN
karimganj, AS
karimnagar, TG
khammam, TG
kokrajhar, AS
komram bheem, KN
konkan division, MH
lakhimpur, AS
mahabubabad, TG
mahabubnagar, TG
majuli, AS
mancherial, TG
marigaon, AS
medak, TG
medchalâ€“malkajgiri, TG
mulugu, TG
nagaon, AS
nagarkurnool, TG
nalbari, AS
nalgonda, TG
narayanpet, TG
nizamabad, TG
nirmal, KN
noklak, NG
noney, MN
north goa, GA
north sikkim, SK
peddapalli, TG
pherzawl, MN
rajanna sircilla, TG
rangareddy, TG
sangareddy, TG
senapati, MN
shahdara, DL
siddipet, TG
sivasagar, AS
sonitpur, AS
south goa, GA
south salmara-mankachar, AS
south sikkim, SK
suryapet, TG
tamenglong, MN
tengnoupal, MN 
thoubal, MN
tinsukia, AS
udalguri, AS
ukhrul, MN
vikarabad, TG
wanaparthy, TG
warangal rural, TG
warangal urban, TG
west karbi anglong, AS
west sikkim, SK
yadadri bhuvanagiri, TG 